iso,year,burned_ha,retrieved_utc
ALB,2006,0,2026-07-30T11:28:45+00:00
ALB,2007,127491,2026-07-30T11:28:45+00:00
ALB,2008,18715,2026-07-30T11:28:45+00:00
ALB,2009,7555,2026-07-30T11:28:45+00:00
ALB,2010,8114,2026-07-30T11:28:45+00:00
ALB,2011,54370,2026-07-30T11:28:45+00:00
ALB,2012,53459,2026-07-30T11:28:45+00:00
ALB,2013,1233,2026-07-30T11:28:45+00:00
ALB,2014,431,2026-07-30T11:28:45+00:00
ALB,2015,3768,2026-07-30T11:28:45+00:00
ALB,2016,5038,2026-07-30T11:28:45+00:00
ALB,2017,41822,2026-07-30T11:28:45+00:00
ALB,2018,3281,2026-07-30T11:28:45+00:00
ALB,2019,11302,2026-07-30T11:28:45+00:00
ALB,2020,19909,2026-07-30T11:28:45+00:00
ALB,2021,28972,2026-07-30T11:28:45+00:00
ALB,2022,17764,2026-07-30T11:28:45+00:00
ALB,2023,5563,2026-07-30T11:28:45+00:00
ALB,2024,46623,2026-07-30T11:28:45+00:00
ALB,2025,59933,2026-07-30T11:28:45+00:00
ALB,2026,731,2026-07-30T11:28:45+00:00
AUT,2006,0,2026-07-30T11:28:45+00:00
AUT,2007,0,2026-07-30T11:28:45+00:00
AUT,2008,0,2026-07-30T11:28:45+00:00
AUT,2009,0,2026-07-30T11:28:45+00:00
AUT,2010,0,2026-07-30T11:28:45+00:00
AUT,2011,0,2026-07-30T11:28:45+00:00
AUT,2012,0,2026-07-30T11:28:45+00:00
AUT,2013,0,2026-07-30T11:28:45+00:00
AUT,2014,0,2026-07-30T11:28:45+00:00
AUT,2015,0,2026-07-30T11:28:45+00:00
AUT,2016,0,2026-07-30T11:28:45+00:00
AUT,2017,0,2026-07-30T11:28:45+00:00
AUT,2018,0,2026-07-30T11:28:45+00:00
AUT,2019,38,2026-07-30T11:28:45+00:00
AUT,2020,168,2026-07-30T11:28:45+00:00
AUT,2021,72,2026-07-30T11:28:45+00:00
AUT,2022,1016,2026-07-30T11:28:45+00:00
AUT,2023,398,2026-07-30T11:28:45+00:00
AUT,2024,0,2026-07-30T11:28:45+00:00
AUT,2025,431,2026-07-30T11:28:45+00:00
AUT,2026,273,2026-07-30T11:28:45+00:00
BEL,2006,0,2026-07-30T11:28:45+00:00
BEL,2007,0,2026-07-30T11:28:45+00:00
BEL,2008,0,2026-07-30T11:28:45+00:00
BEL,2009,0,2026-07-30T11:28:45+00:00
BEL,2010,0,2026-07-30T11:28:45+00:00
BEL,2011,2180,2026-07-30T11:28:45+00:00
BEL,2012,0,2026-07-30T11:28:45+00:00
BEL,2013,0,2026-07-30T11:28:45+00:00
BEL,2014,0,2026-07-30T11:28:45+00:00
BEL,2015,80,2026-07-30T11:28:45+00:00
BEL,2016,54,2026-07-30T11:28:45+00:00
BEL,2017,0,2026-07-30T11:28:45+00:00
BEL,2018,166,2026-07-30T11:28:45+00:00
BEL,2019,287,2026-07-30T11:28:45+00:00
BEL,2020,0,2026-07-30T11:28:45+00:00
BEL,2021,659,2026-07-30T11:28:45+00:00
BEL,2022,382,2026-07-30T11:28:45+00:00
BEL,2023,240,2026-07-30T11:28:45+00:00
BEL,2024,0,2026-07-30T11:28:45+00:00
BEL,2025,668,2026-07-30T11:28:45+00:00
BEL,2026,299,2026-07-30T11:28:45+00:00
BGR,2006,1596,2026-07-30T11:28:45+00:00
BGR,2007,67598,2026-07-30T11:28:45+00:00
BGR,2008,5730,2026-07-30T11:28:45+00:00
BGR,2009,1564,2026-07-30T11:28:45+00:00
BGR,2010,0,2026-07-30T11:28:45+00:00
BGR,2011,11969,2026-07-30T11:28:45+00:00
BGR,2012,16928,2026-07-30T11:28:45+00:00
BGR,2013,2966,2026-07-30T11:28:45+00:00
BGR,2014,0,2026-07-30T11:28:45+00:00
BGR,2015,3346,2026-07-30T11:28:45+00:00
BGR,2016,11483,2026-07-30T11:28:45+00:00
BGR,2017,5214,2026-07-30T11:28:45+00:00
BGR,2018,1973,2026-07-30T11:28:45+00:00
BGR,2019,15503,2026-07-30T11:28:45+00:00
BGR,2020,9179,2026-07-30T11:28:45+00:00
BGR,2021,3688,2026-07-30T11:28:45+00:00
BGR,2022,14579,2026-07-30T11:28:45+00:00
BGR,2023,15845,2026-07-30T11:28:45+00:00
BGR,2024,44745,2026-07-30T11:28:45+00:00
BGR,2025,32752,2026-07-30T11:28:45+00:00
BGR,2026,831,2026-07-30T11:28:45+00:00
BIH,2006,0,2026-07-30T11:28:45+00:00
BIH,2007,56706,2026-07-30T11:28:45+00:00
BIH,2008,6964,2026-07-30T11:28:45+00:00
BIH,2009,181,2026-07-30T11:28:45+00:00
BIH,2010,3349,2026-07-30T11:28:45+00:00
BIH,2011,23397,2026-07-30T11:28:45+00:00
BIH,2012,87688,2026-07-30T11:28:45+00:00
BIH,2013,3459,2026-07-30T11:28:45+00:00
BIH,2014,3203,2026-07-30T11:28:45+00:00
BIH,2015,14989,2026-07-30T11:28:45+00:00
BIH,2016,34485,2026-07-30T11:28:45+00:00
BIH,2017,82852,2026-07-30T10:18:57+00:00
BIH,2018,3113,2026-07-30T11:28:45+00:00
BIH,2019,28634,2026-07-30T11:28:45+00:00
BIH,2020,100107,2026-07-30T11:28:45+00:00
BIH,2021,61628,2026-07-30T11:28:45+00:00
BIH,2022,72899,2026-07-30T11:28:45+00:00
BIH,2023,3211,2026-07-30T11:28:45+00:00
BIH,2024,43571,2026-07-30T11:28:45+00:00
BIH,2025,38112,2026-07-30T11:28:45+00:00
BIH,2026,19020,2026-07-30T11:28:45+00:00
CHE,2006,0,2026-07-30T11:28:45+00:00
CHE,2007,0,2026-07-30T11:28:45+00:00
CHE,2008,0,2026-07-30T11:28:45+00:00
CHE,2009,0,2026-07-30T11:28:45+00:00
CHE,2010,0,2026-07-30T11:28:45+00:00
CHE,2011,74,2026-07-30T11:28:45+00:00
CHE,2012,0,2026-07-30T11:28:45+00:00
CHE,2013,0,2026-07-30T11:28:45+00:00
CHE,2014,0,2026-07-30T11:28:45+00:00
CHE,2015,0,2026-07-30T11:28:45+00:00
CHE,2016,0,2026-07-30T11:28:45+00:00
CHE,2017,0,2026-07-30T11:28:45+00:00
CHE,2018,0,2026-07-30T11:28:45+00:00
CHE,2019,0,2026-07-30T11:28:45+00:00
CHE,2020,0,2026-07-30T11:28:45+00:00
CHE,2021,0,2026-07-30T11:28:45+00:00
CHE,2022,235,2026-07-30T11:28:45+00:00
CHE,2023,68,2026-07-30T11:28:45+00:00
CHE,2024,0,2026-07-30T11:28:45+00:00
CHE,2025,0,2026-07-30T11:28:45+00:00
CHE,2026,0,2026-07-30T11:28:45+00:00
CYP,2006,291,2026-07-30T11:28:45+00:00
CYP,2007,2526,2026-07-30T11:28:45+00:00
CYP,2008,1947,2026-07-30T11:28:45+00:00
CYP,2009,0,2026-07-30T11:28:45+00:00
CYP,2010,1104,2026-07-30T11:28:45+00:00
CYP,2011,939,2026-07-30T11:28:45+00:00
CYP,2012,2349,2026-07-30T11:28:45+00:00
CYP,2013,2834,2026-07-30T11:28:45+00:00
CYP,2014,436,2026-07-30T11:28:45+00:00
CYP,2015,197,2026-07-30T11:28:45+00:00
CYP,2016,2738,2026-07-30T11:28:45+00:00
CYP,2017,652,2026-07-30T11:28:45+00:00
CYP,2018,417,2026-07-30T11:28:45+00:00
CYP,2019,596,2026-07-30T11:28:45+00:00
CYP,2020,3421,2026-07-30T11:28:45+00:00
CYP,2021,6199,2026-07-30T11:28:45+00:00
CYP,2022,2540,2026-07-30T11:28:45+00:00
CYP,2023,1919,2026-07-30T11:28:45+00:00
CYP,2024,3374,2026-07-30T11:28:45+00:00
CYP,2025,13527,2026-07-30T11:28:45+00:00
CYP,2026,291,2026-07-30T11:28:45+00:00
CZE,2006,0,2026-07-30T11:28:45+00:00
CZE,2007,0,2026-07-30T11:28:45+00:00
CZE,2008,0,2026-07-30T11:28:45+00:00
CZE,2009,0,2026-07-30T11:28:45+00:00
CZE,2010,0,2026-07-30T11:28:45+00:00
CZE,2011,0,2026-07-30T11:28:45+00:00
CZE,2012,0,2026-07-30T11:28:45+00:00
CZE,2013,0,2026-07-30T11:28:45+00:00
CZE,2014,0,2026-07-30T11:28:45+00:00
CZE,2015,0,2026-07-30T11:28:45+00:00
CZE,2016,0,2026-07-30T11:28:45+00:00
CZE,2017,145,2026-07-30T11:28:45+00:00
CZE,2018,0,2026-07-30T11:28:45+00:00
CZE,2019,0,2026-07-30T11:28:45+00:00
CZE,2020,0,2026-07-30T11:28:45+00:00
CZE,2021,0,2026-07-30T11:28:45+00:00
CZE,2022,1436,2026-07-30T11:28:45+00:00
CZE,2023,0,2026-07-30T11:28:45+00:00
CZE,2024,0,2026-07-30T11:28:45+00:00
CZE,2025,0,2026-07-30T11:28:45+00:00
CZE,2026,41,2026-07-30T11:28:45+00:00
DEU,2006,0,2026-07-30T11:28:45+00:00
DEU,2007,0,2026-07-30T11:28:45+00:00
DEU,2008,0,2026-07-30T11:28:45+00:00
DEU,2009,0,2026-07-30T11:28:45+00:00
DEU,2010,0,2026-07-30T11:28:45+00:00
DEU,2011,0,2026-07-30T11:28:45+00:00
DEU,2012,0,2026-07-30T11:28:45+00:00
DEU,2013,133,2026-07-30T11:28:45+00:00
DEU,2014,0,2026-07-30T11:28:45+00:00
DEU,2015,105,2026-07-30T11:28:45+00:00
DEU,2016,314,2026-07-30T11:28:45+00:00
DEU,2017,57,2026-07-30T11:28:45+00:00
DEU,2018,3622,2026-07-30T11:28:45+00:00
DEU,2019,2006,2026-07-30T11:28:45+00:00
DEU,2020,314,2026-07-30T11:28:45+00:00
DEU,2021,121,2026-07-30T11:28:45+00:00
DEU,2022,4293,2026-07-30T11:28:45+00:00
DEU,2023,975,2026-07-30T11:28:45+00:00
DEU,2024,826,2026-07-30T11:28:45+00:00
DEU,2025,5475,2026-07-30T11:28:45+00:00
DEU,2026,2170,2026-07-30T11:28:45+00:00
DNK,2006,0,2026-07-30T11:28:45+00:00
DNK,2007,0,2026-07-30T11:28:45+00:00
DNK,2008,0,2026-07-30T11:28:45+00:00
DNK,2009,0,2026-07-30T11:28:45+00:00
DNK,2010,0,2026-07-30T11:28:45+00:00
DNK,2011,0,2026-07-30T11:28:45+00:00
DNK,2012,0,2026-07-30T11:28:45+00:00
DNK,2013,0,2026-07-30T11:28:45+00:00
DNK,2014,0,2026-07-30T11:28:45+00:00
DNK,2015,0,2026-07-30T11:28:45+00:00
DNK,2016,0,2026-07-30T11:28:45+00:00
DNK,2017,131,2026-07-30T11:28:45+00:00
DNK,2018,463,2026-07-30T11:28:45+00:00
DNK,2019,80,2026-07-30T11:28:45+00:00
DNK,2020,0,2026-07-30T11:28:45+00:00
DNK,2021,230,2026-07-30T11:28:45+00:00
DNK,2022,341,2026-07-30T11:28:45+00:00
DNK,2023,134,2026-07-30T11:28:45+00:00
DNK,2024,0,2026-07-30T11:28:45+00:00
DNK,2025,255,2026-07-30T11:28:45+00:00
DNK,2026,70,2026-07-30T11:28:45+00:00
ESP,2006,118368,2026-07-30T11:28:45+00:00
ESP,2007,56539,2026-07-30T11:28:45+00:00
ESP,2008,10073,2026-07-30T11:28:45+00:00
ESP,2009,88845,2026-07-30T11:28:45+00:00
ESP,2010,19770,2026-07-30T11:28:45+00:00
ESP,2011,60060,2026-07-30T11:28:45+00:00
ESP,2012,189376,2026-07-30T11:28:45+00:00
ESP,2013,37069,2026-07-30T11:28:45+00:00
ESP,2014,22001,2026-07-30T11:28:45+00:00
ESP,2015,63560,2026-07-30T11:28:45+00:00
ESP,2016,52138,2026-07-30T11:28:45+00:00
ESP,2017,130925,2026-07-30T11:28:45+00:00
ESP,2018,12060,2026-07-30T11:28:45+00:00
ESP,2019,63853,2026-07-30T11:28:45+00:00
ESP,2020,61099,2026-07-30T11:28:45+00:00
ESP,2021,82092,2026-07-30T11:28:45+00:00
ESP,2022,306555,2026-07-30T11:28:45+00:00
ESP,2023,91220,2026-07-30T11:28:45+00:00
ESP,2024,42615,2026-07-30T11:28:45+00:00
ESP,2025,393079,2026-07-30T11:28:45+00:00
ESP,2026,206768,2026-07-30T11:28:45+00:00
EST,2006,0,2026-07-30T11:28:45+00:00
EST,2007,0,2026-07-30T11:28:45+00:00
EST,2008,0,2026-07-30T11:28:45+00:00
EST,2009,0,2026-07-30T11:28:45+00:00
EST,2010,0,2026-07-30T11:28:45+00:00
EST,2011,0,2026-07-30T11:28:45+00:00
EST,2012,0,2026-07-30T11:28:45+00:00
EST,2013,0,2026-07-30T11:28:45+00:00
EST,2014,0,2026-07-30T11:28:45+00:00
EST,2015,0,2026-07-30T11:28:45+00:00
EST,2016,0,2026-07-30T11:28:45+00:00
EST,2017,0,2026-07-30T11:28:45+00:00
EST,2018,385,2026-07-30T11:28:45+00:00
EST,2019,0,2026-07-30T11:28:45+00:00
EST,2020,0,2026-07-30T11:28:45+00:00
EST,2021,0,2026-07-30T11:28:45+00:00
EST,2022,0,2026-07-30T11:28:45+00:00
EST,2023,173,2026-07-30T11:28:45+00:00
EST,2024,0,2026-07-30T11:28:45+00:00
EST,2025,0,2026-07-30T11:28:45+00:00
EST,2026,299,2026-07-30T11:28:45+00:00
FIN,2006,0,2026-07-30T11:28:45+00:00
FIN,2007,0,2026-07-30T11:28:45+00:00
FIN,2008,0,2026-07-30T11:28:45+00:00
FIN,2009,0,2026-07-30T11:28:45+00:00
FIN,2010,0,2026-07-30T11:28:45+00:00
FIN,2011,0,2026-07-30T11:28:45+00:00
FIN,2012,0,2026-07-30T11:28:45+00:00
FIN,2013,0,2026-07-30T11:28:45+00:00
FIN,2014,0,2026-07-30T11:28:45+00:00
FIN,2015,0,2026-07-30T11:28:45+00:00
FIN,2016,0,2026-07-30T11:28:45+00:00
FIN,2017,210,2026-07-30T11:28:45+00:00
FIN,2018,303,2026-07-30T11:28:45+00:00
FIN,2019,0,2026-07-30T11:28:45+00:00
FIN,2020,0,2026-07-30T11:28:45+00:00
FIN,2021,2558,2026-07-30T11:28:45+00:00
FIN,2022,160,2026-07-30T11:28:45+00:00
FIN,2023,205,2026-07-30T11:28:45+00:00
FIN,2024,124,2026-07-30T11:28:45+00:00
FIN,2025,407,2026-07-30T11:28:45+00:00
FIN,2026,66,2026-07-30T11:28:45+00:00
FRA,2006,1751,2026-07-30T11:28:45+00:00
FRA,2007,2631,2026-07-30T11:28:45+00:00
FRA,2008,1694,2026-07-30T11:28:45+00:00
FRA,2009,7974,2026-07-30T11:28:45+00:00
FRA,2010,4653,2026-07-30T11:28:45+00:00
FRA,2011,4831,2026-07-30T11:28:45+00:00
FRA,2012,3298,2026-07-30T11:28:45+00:00
FRA,2013,891,2026-07-30T11:28:45+00:00
FRA,2014,4667,2026-07-30T11:28:45+00:00
FRA,2015,2046,2026-07-30T11:28:45+00:00
FRA,2016,10674,2026-07-30T11:28:45+00:00
FRA,2017,20626,2026-07-30T11:28:45+00:00
FRA,2018,2528,2026-07-30T11:28:45+00:00
FRA,2019,43561,2026-07-30T11:28:45+00:00
FRA,2020,14547,2026-07-30T11:28:45+00:00
FRA,2021,30652,2026-07-30T11:28:45+00:00
FRA,2022,66337,2026-07-30T11:28:45+00:00
FRA,2023,22350,2026-07-30T11:28:45+00:00
FRA,2024,12268,2026-07-30T11:28:45+00:00
FRA,2025,36951,2026-07-30T11:28:45+00:00
FRA,2026,91024,2026-07-30T11:28:45+00:00
GBR,2006,0,2026-07-30T11:28:45+00:00
GBR,2007,0,2026-07-30T11:28:45+00:00
GBR,2008,0,2026-07-30T11:28:45+00:00
GBR,2009,0,2026-07-30T11:28:45+00:00
GBR,2010,0,2026-07-30T11:28:45+00:00
GBR,2011,17148,2026-07-30T11:28:45+00:00
GBR,2012,0,2026-07-30T11:28:45+00:00
GBR,2013,5445,2026-07-30T11:28:45+00:00
GBR,2014,85,2026-07-30T11:28:45+00:00
GBR,2015,2127,2026-07-30T11:28:45+00:00
GBR,2016,1197,2026-07-30T11:28:45+00:00
GBR,2017,5085,2026-07-30T11:28:45+00:00
GBR,2018,17689,2026-07-30T11:28:45+00:00
GBR,2019,28754,2026-07-30T10:18:57+00:00
GBR,2020,13793,2026-07-30T11:28:45+00:00
GBR,2021,6236,2026-07-30T11:28:45+00:00
GBR,2022,20362,2026-07-30T11:28:45+00:00
GBR,2023,8697,2026-07-30T11:28:45+00:00
GBR,2024,2262,2026-07-30T11:28:45+00:00
GBR,2025,47879,2026-07-30T11:28:45+00:00
GBR,2026,21871,2026-07-30T11:28:45+00:00
GRC,2006,16294,2026-07-30T11:28:45+00:00
GRC,2007,271715,2026-07-30T11:28:45+00:00
GRC,2008,24988,2026-07-30T11:28:45+00:00
GRC,2009,42807,2026-07-30T11:28:45+00:00
GRC,2010,6472,2026-07-30T11:28:45+00:00
GRC,2011,35713,2026-07-30T11:28:45+00:00
GRC,2012,52487,2026-07-30T11:28:45+00:00
GRC,2013,19762,2026-07-30T11:28:45+00:00
GRC,2014,14815,2026-07-30T11:28:45+00:00
GRC,2015,11613,2026-07-30T11:28:45+00:00
GRC,2016,31707,2026-07-30T11:28:45+00:00
GRC,2017,20041,2026-07-30T11:28:45+00:00
GRC,2018,12037,2026-07-30T11:28:45+00:00
GRC,2019,10736,2026-07-30T11:28:45+00:00
GRC,2020,14915,2026-07-30T11:28:45+00:00
GRC,2021,130744,2026-07-30T11:28:45+00:00
GRC,2022,22480,2026-07-30T11:28:45+00:00
GRC,2023,174773,2026-07-30T11:28:45+00:00
GRC,2024,41948,2026-07-30T11:28:45+00:00
GRC,2025,47819,2026-07-30T11:28:45+00:00
GRC,2026,4249,2026-07-30T11:28:45+00:00
HRV,2006,2708,2026-07-30T11:28:45+00:00
HRV,2007,17189,2026-07-30T11:28:45+00:00
HRV,2008,3216,2026-07-30T11:28:45+00:00
HRV,2009,2208,2026-07-30T11:28:45+00:00
HRV,2010,330,2026-07-30T11:28:45+00:00
HRV,2011,15368,2026-07-30T11:28:45+00:00
HRV,2012,33056,2026-07-30T11:28:45+00:00
HRV,2013,1017,2026-07-30T11:28:45+00:00
HRV,2014,304,2026-07-30T11:28:45+00:00
HRV,2015,7870,2026-07-30T11:28:45+00:00
HRV,2016,9086,2026-07-30T11:28:45+00:00
HRV,2017,67666,2026-07-30T11:28:45+00:00
HRV,2018,1234,2026-07-30T11:28:45+00:00
HRV,2019,11872,2026-07-30T11:28:45+00:00
HRV,2020,27477,2026-07-30T11:28:45+00:00
HRV,2021,9342,2026-07-30T11:28:45+00:00
HRV,2022,32943,2026-07-30T11:28:45+00:00
HRV,2023,2768,2026-07-30T11:28:45+00:00
HRV,2024,15886,2026-07-30T11:28:45+00:00
HRV,2025,3380,2026-07-30T11:28:45+00:00
HRV,2026,3318,2026-07-30T11:28:45+00:00
HUN,2006,0,2026-07-30T11:28:45+00:00
HUN,2007,799,2026-07-30T11:28:45+00:00
HUN,2008,0,2026-07-30T11:28:45+00:00
HUN,2009,0,2026-07-30T11:28:45+00:00
HUN,2010,0,2026-07-30T11:28:45+00:00
HUN,2011,0,2026-07-30T11:28:45+00:00
HUN,2012,960,2026-07-30T11:28:45+00:00
HUN,2013,138,2026-07-30T11:28:45+00:00
HUN,2014,0,2026-07-30T11:28:45+00:00
HUN,2015,1610,2026-07-30T11:28:45+00:00
HUN,2016,0,2026-07-30T11:28:45+00:00
HUN,2017,458,2026-07-30T11:28:45+00:00
HUN,2018,96,2026-07-30T11:28:45+00:00
HUN,2019,528,2026-07-30T11:28:45+00:00
HUN,2020,265,2026-07-30T11:28:45+00:00
HUN,2021,565,2026-07-30T11:28:45+00:00
HUN,2022,7287,2026-07-30T11:28:45+00:00
HUN,2023,156,2026-07-30T11:28:45+00:00
HUN,2024,1141,2026-07-30T11:28:45+00:00
HUN,2025,666,2026-07-30T11:28:45+00:00
HUN,2026,508,2026-07-30T11:28:45+00:00
IRL,2006,0,2026-07-30T11:28:45+00:00
IRL,2007,0,2026-07-30T11:28:45+00:00
IRL,2008,0,2026-07-30T11:28:45+00:00
IRL,2009,0,2026-07-30T11:28:45+00:00
IRL,2010,0,2026-07-30T11:28:45+00:00
IRL,2011,16724,2026-07-30T11:28:45+00:00
IRL,2012,0,2026-07-30T11:28:45+00:00
IRL,2013,8211,2026-07-30T11:28:45+00:00
IRL,2014,141,2026-07-30T11:28:45+00:00
IRL,2015,6807,2026-07-30T11:28:45+00:00
IRL,2016,1177,2026-07-30T11:28:45+00:00
IRL,2017,7219,2026-07-30T10:18:57+00:00
IRL,2018,2840,2026-07-30T11:28:45+00:00
IRL,2019,2820,2026-07-30T11:28:45+00:00
IRL,2020,3103,2026-07-30T11:28:45+00:00
IRL,2021,3189,2026-07-30T11:28:45+00:00
IRL,2022,2982,2026-07-30T11:28:45+00:00
IRL,2023,4302,2026-07-30T11:28:45+00:00
IRL,2024,133,2026-07-30T11:28:45+00:00
IRL,2025,4355,2026-07-30T11:28:45+00:00
IRL,2026,2450,2026-07-30T11:28:45+00:00
ITA,2006,9216,2026-07-30T11:28:45+00:00
ITA,2007,153481,2026-07-30T11:28:45+00:00
ITA,2008,24310,2026-07-30T11:28:45+00:00
ITA,2009,54809,2026-07-30T11:28:45+00:00
ITA,2010,34280,2026-07-30T11:28:45+00:00
ITA,2011,36997,2026-07-30T11:28:45+00:00
ITA,2012,82856,2026-07-30T11:28:45+00:00
ITA,2013,15776,2026-07-30T11:28:45+00:00
ITA,2014,13176,2026-07-30T11:28:45+00:00
ITA,2015,7773,2026-07-30T11:28:45+00:00
ITA,2016,35246,2026-07-30T11:28:45+00:00
ITA,2017,140214,2026-07-30T11:28:45+00:00
ITA,2018,14002,2026-07-30T11:28:45+00:00
ITA,2019,36887,2026-07-30T11:28:45+00:00
ITA,2020,53750,2026-07-30T11:28:45+00:00
ITA,2021,150552,2026-07-30T11:28:45+00:00
ITA,2022,58751,2026-07-30T11:28:45+00:00
ITA,2023,97984,2026-07-30T11:28:45+00:00
ITA,2024,40122,2026-07-30T11:28:45+00:00
ITA,2025,84348,2026-07-30T11:28:45+00:00
ITA,2026,69336,2026-07-30T11:28:45+00:00
LTU,2006,0,2026-07-30T11:28:45+00:00
LTU,2007,0,2026-07-30T11:28:45+00:00
LTU,2008,0,2026-07-30T11:28:45+00:00
LTU,2009,0,2026-07-30T11:28:45+00:00
LTU,2010,0,2026-07-30T11:28:45+00:00
LTU,2011,0,2026-07-30T11:28:45+00:00
LTU,2012,0,2026-07-30T11:28:45+00:00
LTU,2013,0,2026-07-30T11:28:45+00:00
LTU,2014,0,2026-07-30T11:28:45+00:00
LTU,2015,0,2026-07-30T11:28:45+00:00
LTU,2016,0,2026-07-30T11:28:45+00:00
LTU,2017,0,2026-07-30T11:28:45+00:00
LTU,2018,0,2026-07-30T11:28:45+00:00
LTU,2019,236,2026-07-30T11:28:45+00:00
LTU,2020,43,2026-07-30T11:28:45+00:00
LTU,2021,0,2026-07-30T11:28:45+00:00
LTU,2022,0,2026-07-30T11:28:45+00:00
LTU,2023,305,2026-07-30T11:28:45+00:00
LTU,2024,0,2026-07-30T11:28:45+00:00
LTU,2025,0,2026-07-30T11:28:45+00:00
LTU,2026,46,2026-07-30T11:28:45+00:00
LUX,2006,0,2026-07-30T11:28:45+00:00
LUX,2007,0,2026-07-30T11:28:45+00:00
LUX,2008,0,2026-07-30T11:28:45+00:00
LUX,2009,0,2026-07-30T11:28:45+00:00
LUX,2010,0,2026-07-30T11:28:45+00:00
LUX,2011,0,2026-07-30T11:28:45+00:00
LUX,2012,0,2026-07-30T11:28:45+00:00
LUX,2013,0,2026-07-30T11:28:45+00:00
LUX,2014,0,2026-07-30T11:28:45+00:00
LUX,2015,0,2026-07-30T11:28:45+00:00
LUX,2016,0,2026-07-30T11:28:45+00:00
LUX,2017,0,2026-07-30T11:28:45+00:00
LUX,2018,0,2026-07-30T11:28:45+00:00
LUX,2019,0,2026-07-30T11:28:45+00:00
LUX,2020,0,2026-07-30T11:28:45+00:00
LUX,2021,0,2026-07-30T11:28:45+00:00
LUX,2022,0,2026-07-30T11:28:45+00:00
LUX,2023,0,2026-07-30T11:28:45+00:00
LUX,2024,0,2026-07-30T11:28:45+00:00
LUX,2025,0,2026-07-30T11:28:45+00:00
LUX,2026,0,2026-07-30T11:28:45+00:00
LVA,2006,0,2026-07-30T11:28:45+00:00
LVA,2007,0,2026-07-30T11:28:45+00:00
LVA,2008,65,2026-07-30T11:28:45+00:00
LVA,2009,0,2026-07-30T11:28:45+00:00
LVA,2010,0,2026-07-30T11:28:45+00:00
LVA,2011,0,2026-07-30T11:28:45+00:00
LVA,2012,0,2026-07-30T11:28:45+00:00
LVA,2013,0,2026-07-30T11:28:45+00:00
LVA,2014,0,2026-07-30T11:28:45+00:00
LVA,2015,0,2026-07-30T11:28:45+00:00
LVA,2016,0,2026-07-30T11:28:45+00:00
LVA,2017,35,2026-07-30T11:28:45+00:00
LVA,2018,2493,2026-07-30T11:28:45+00:00
LVA,2019,49,2026-07-30T11:28:45+00:00
LVA,2020,0,2026-07-30T11:28:45+00:00
LVA,2021,251,2026-07-30T11:28:45+00:00
LVA,2022,171,2026-07-30T11:28:45+00:00
LVA,2023,127,2026-07-30T11:28:45+00:00
LVA,2024,0,2026-07-30T11:28:45+00:00
LVA,2025,30,2026-07-30T11:28:45+00:00
LVA,2026,318,2026-07-30T11:28:45+00:00
MKD,2006,0,2026-07-30T11:28:45+00:00
MKD,2007,40108,2026-07-30T11:28:45+00:00
MKD,2008,14378,2026-07-30T11:28:45+00:00
MKD,2009,901,2026-07-30T11:28:45+00:00
MKD,2010,1692,2026-07-30T11:28:45+00:00
MKD,2011,21044,2026-07-30T11:28:45+00:00
MKD,2012,25807,2026-07-30T11:28:45+00:00
MKD,2013,7813,2026-07-30T11:28:45+00:00
MKD,2014,0,2026-07-30T11:28:45+00:00
MKD,2015,2396,2026-07-30T11:28:45+00:00
MKD,2016,3908,2026-07-30T11:28:45+00:00
MKD,2017,23541,2026-07-30T11:28:45+00:00
MKD,2018,2391,2026-07-30T11:28:45+00:00
MKD,2019,29807,2026-07-30T11:28:45+00:00
MKD,2020,2023,2026-07-30T11:28:45+00:00
MKD,2021,20377,2026-07-30T11:28:45+00:00
MKD,2022,3806,2026-07-30T11:28:45+00:00
MKD,2023,12894,2026-07-30T11:28:45+00:00
MKD,2024,95214,2026-07-30T11:28:45+00:00
MKD,2025,31338,2026-07-30T11:28:45+00:00
MKD,2026,1629,2026-07-30T11:28:45+00:00
MLT,2006,0,2026-07-30T11:28:45+00:00
MLT,2007,0,2026-07-30T11:28:45+00:00
MLT,2008,0,2026-07-30T11:28:45+00:00
MLT,2009,0,2026-07-30T11:28:45+00:00
MLT,2010,0,2026-07-30T11:28:45+00:00
MLT,2011,0,2026-07-30T11:28:45+00:00
MLT,2012,0,2026-07-30T11:28:45+00:00
MLT,2013,0,2026-07-30T11:28:45+00:00
MLT,2014,0,2026-07-30T11:28:45+00:00
MLT,2015,0,2026-07-30T11:28:45+00:00
MLT,2016,0,2026-07-30T11:28:45+00:00
MLT,2017,0,2026-07-30T11:28:45+00:00
MLT,2018,32,2026-07-30T11:28:45+00:00
MLT,2019,0,2026-07-30T11:28:45+00:00
MLT,2020,34,2026-07-30T11:28:45+00:00
MLT,2021,0,2026-07-30T10:18:57+00:00
MLT,2022,0,2026-07-30T11:28:45+00:00
MLT,2023,0,2026-07-30T11:28:45+00:00
MLT,2024,0,2026-07-30T11:28:45+00:00
MLT,2025,0,2026-07-30T11:28:45+00:00
MLT,2026,0,2026-07-30T11:28:45+00:00
MNE,2006,0,2026-07-30T11:28:45+00:00
MNE,2007,18820,2026-07-30T11:28:45+00:00
MNE,2008,5772,2026-07-30T11:28:45+00:00
MNE,2009,103,2026-07-30T10:18:57+00:00
MNE,2010,2088,2026-07-30T11:28:45+00:00
MNE,2011,16180,2026-07-30T11:28:45+00:00
MNE,2012,36795,2026-07-30T11:28:45+00:00
MNE,2013,1623,2026-07-30T11:28:45+00:00
MNE,2014,0,2026-07-30T11:28:45+00:00
MNE,2015,13534,2026-07-30T11:28:45+00:00
MNE,2016,8195,2026-07-30T11:28:45+00:00
MNE,2017,51531,2026-07-30T11:28:45+00:00
MNE,2018,4331,2026-07-30T11:28:45+00:00
MNE,2019,10603,2026-07-30T11:28:45+00:00
MNE,2020,39498,2026-07-30T11:28:45+00:00
MNE,2021,42187,2026-07-30T11:28:45+00:00
MNE,2022,24579,2026-07-30T11:28:45+00:00
MNE,2023,454,2026-07-30T11:28:45+00:00
MNE,2024,23054,2026-07-30T11:28:45+00:00
MNE,2025,27658,2026-07-30T11:28:45+00:00
MNE,2026,8837,2026-07-30T11:28:45+00:00
NLD,2006,0,2026-07-30T11:28:45+00:00
NLD,2007,0,2026-07-30T11:28:45+00:00
NLD,2008,0,2026-07-30T11:28:45+00:00
NLD,2009,0,2026-07-30T11:28:45+00:00
NLD,2010,0,2026-07-30T11:28:45+00:00
NLD,2011,148,2026-07-30T11:28:45+00:00
NLD,2012,0,2026-07-30T11:28:45+00:00
NLD,2013,0,2026-07-30T11:28:45+00:00
NLD,2014,396,2026-07-30T11:28:45+00:00
NLD,2015,0,2026-07-30T11:28:45+00:00
NLD,2016,0,2026-07-30T11:28:45+00:00
NLD,2017,0,2026-07-30T11:28:45+00:00
NLD,2018,183,2026-07-30T11:28:45+00:00
NLD,2019,0,2026-07-30T11:28:45+00:00
NLD,2020,822,2026-07-30T11:28:45+00:00
NLD,2021,0,2026-07-30T11:28:45+00:00
NLD,2022,274,2026-07-30T11:28:45+00:00
NLD,2023,31,2026-07-30T11:28:45+00:00
NLD,2024,0,2026-07-30T11:28:45+00:00
NLD,2025,170,2026-07-30T11:28:45+00:00
NLD,2026,547,2026-07-30T11:28:45+00:00
NOR,2006,0,2026-07-30T11:28:45+00:00
NOR,2007,0,2026-07-30T11:28:45+00:00
NOR,2008,2751,2026-07-30T11:28:45+00:00
NOR,2009,0,2026-07-30T11:28:45+00:00
NOR,2010,0,2026-07-30T11:28:45+00:00
NOR,2011,641,2026-07-30T11:28:45+00:00
NOR,2012,0,2026-07-30T11:28:45+00:00
NOR,2013,218,2026-07-30T11:28:45+00:00
NOR,2014,3336,2026-07-30T11:28:45+00:00
NOR,2015,142,2026-07-30T11:28:45+00:00
NOR,2016,0,2026-07-30T11:28:45+00:00
NOR,2017,260,2026-07-30T11:28:45+00:00
NOR,2018,273,2026-07-30T11:28:45+00:00
NOR,2019,4515,2026-07-30T11:28:45+00:00
NOR,2020,170,2026-07-30T11:28:45+00:00
NOR,2021,829,2026-07-30T11:28:45+00:00
NOR,2022,2143,2026-07-30T11:28:45+00:00
NOR,2023,941,2026-07-30T11:28:45+00:00
NOR,2024,511,2026-07-30T11:28:45+00:00
NOR,2025,2412,2026-07-30T11:28:45+00:00
NOR,2026,1589,2026-07-30T11:28:45+00:00
POL,2006,0,2026-07-30T11:28:45+00:00
POL,2007,0,2026-07-30T11:28:45+00:00
POL,2008,0,2026-07-30T11:28:45+00:00
POL,2009,0,2026-07-30T11:28:45+00:00
POL,2010,0,2026-07-30T11:28:45+00:00
POL,2011,0,2026-07-30T11:28:45+00:00
POL,2012,0,2026-07-30T11:28:45+00:00
POL,2013,0,2026-07-30T11:28:45+00:00
POL,2014,54,2026-07-30T11:28:45+00:00
POL,2015,560,2026-07-30T11:28:45+00:00
POL,2016,0,2026-07-30T11:28:45+00:00
POL,2017,0,2026-07-30T11:28:45+00:00
POL,2018,345,2026-07-30T11:28:45+00:00
POL,2019,60,2026-07-30T11:28:45+00:00
POL,2020,5383,2026-07-30T11:28:45+00:00
POL,2021,40,2026-07-30T11:28:45+00:00
POL,2022,465,2026-07-30T11:28:45+00:00
POL,2023,47,2026-07-30T11:28:45+00:00
POL,2024,30,2026-07-30T11:28:45+00:00
POL,2025,295,2026-07-30T11:28:45+00:00
POL,2026,1458,2026-07-30T11:28:45+00:00
PRT,2006,56424,2026-07-30T11:28:45+00:00
PRT,2007,15650,2026-07-30T11:28:45+00:00
PRT,2008,5350,2026-07-30T11:28:45+00:00
PRT,2009,74816,2026-07-30T11:28:45+00:00
PRT,2010,127560,2026-07-30T11:28:45+00:00
PRT,2011,64442,2026-07-30T11:28:45+00:00
PRT,2012,101053,2026-07-30T11:28:45+00:00
PRT,2013,153408,2026-07-30T11:28:45+00:00
PRT,2014,11550,2026-07-30T11:28:45+00:00
PRT,2015,47286,2026-07-30T11:28:45+00:00
PRT,2016,165738,2026-07-30T11:28:45+00:00
PRT,2017,563530,2026-07-30T11:28:45+00:00
PRT,2018,37038,2026-07-30T11:28:45+00:00
PRT,2019,33451,2026-07-30T11:28:45+00:00
PRT,2020,62557,2026-07-30T11:28:45+00:00
PRT,2021,25855,2026-07-30T11:28:45+00:00
PRT,2022,104379,2026-07-30T11:28:45+00:00
PRT,2023,36855,2026-07-30T11:28:45+00:00
PRT,2024,143684,2026-07-30T11:28:45+00:00
PRT,2025,278917,2026-07-30T11:28:45+00:00
PRT,2026,37422,2026-07-30T11:28:45+00:00
ROU,2006,0,2026-07-30T11:28:45+00:00
ROU,2007,0,2026-07-30T11:28:45+00:00
ROU,2008,0,2026-07-30T11:28:45+00:00
ROU,2009,0,2026-07-30T11:28:45+00:00
ROU,2010,0,2026-07-30T11:28:45+00:00
ROU,2011,333,2026-07-30T11:28:45+00:00
ROU,2012,3023,2026-07-30T11:28:45+00:00
ROU,2013,3101,2026-07-30T11:28:45+00:00
ROU,2014,2403,2026-07-30T11:28:45+00:00
ROU,2015,7320,2026-07-30T11:28:45+00:00
ROU,2016,4368,2026-07-30T11:28:45+00:00
ROU,2017,30481,2026-07-30T11:28:45+00:00
ROU,2018,3287,2026-07-30T11:28:45+00:00
ROU,2019,72666,2026-07-30T11:28:45+00:00
ROU,2020,81668,2026-07-30T11:28:45+00:00
ROU,2021,20364,2026-07-30T11:28:45+00:00
ROU,2022,153155,2026-07-30T11:28:45+00:00
ROU,2023,16622,2026-07-30T11:28:45+00:00
ROU,2024,36057,2026-07-30T11:28:45+00:00
ROU,2025,129443,2026-07-30T11:28:45+00:00
ROU,2026,11957,2026-07-30T11:28:45+00:00
SRB,2006,0,2026-07-30T11:28:45+00:00
SRB,2007,19179,2026-07-30T11:28:45+00:00
SRB,2008,359,2026-07-30T11:28:45+00:00
SRB,2009,0,2026-07-30T11:28:45+00:00
SRB,2010,0,2026-07-30T11:28:45+00:00
SRB,2011,681,2026-07-30T11:28:45+00:00
SRB,2012,11635,2026-07-30T11:28:45+00:00
SRB,2013,1526,2026-07-30T11:28:45+00:00
SRB,2014,0,2026-07-30T11:28:45+00:00
SRB,2015,1011,2026-07-30T11:28:45+00:00
SRB,2016,880,2026-07-30T11:28:45+00:00
SRB,2017,8256,2026-07-30T11:28:45+00:00
SRB,2018,5774,2026-07-30T11:28:45+00:00
SRB,2019,15763,2026-07-30T11:28:45+00:00
SRB,2020,9385,2026-07-30T11:28:45+00:00
SRB,2021,7006,2026-07-30T11:28:45+00:00
SRB,2022,11508,2026-07-30T11:28:45+00:00
SRB,2023,2312,2026-07-30T11:28:45+00:00
SRB,2024,38954,2026-07-30T11:28:45+00:00
SRB,2025,27882,2026-07-30T11:28:45+00:00
SRB,2026,2582,2026-07-30T11:28:45+00:00
SVK,2006,0,2026-07-30T11:28:45+00:00
SVK,2007,0,2026-07-30T11:28:45+00:00
SVK,2008,0,2026-07-30T11:28:45+00:00
SVK,2009,0,2026-07-30T11:28:45+00:00
SVK,2010,0,2026-07-30T11:28:45+00:00
SVK,2011,0,2026-07-30T11:28:45+00:00
SVK,2012,0,2026-07-30T11:28:45+00:00
SVK,2013,0,2026-07-30T11:28:45+00:00
SVK,2014,0,2026-07-30T11:28:45+00:00
SVK,2015,0,2026-07-30T11:28:45+00:00
SVK,2016,0,2026-07-30T11:28:45+00:00
SVK,2017,0,2026-07-30T11:28:45+00:00
SVK,2018,0,2026-07-30T11:28:45+00:00
SVK,2019,0,2026-07-30T11:28:45+00:00
SVK,2020,85,2026-07-30T11:28:45+00:00
SVK,2021,115,2026-07-30T11:28:45+00:00
SVK,2022,317,2026-07-30T11:28:45+00:00
SVK,2023,0,2026-07-30T11:28:45+00:00
SVK,2024,0,2026-07-30T11:28:45+00:00
SVK,2025,362,2026-07-30T11:28:45+00:00
SVK,2026,696,2026-07-30T11:28:45+00:00
SVN,2006,557,2026-07-30T11:28:45+00:00
SVN,2007,0,2026-07-30T11:28:45+00:00
SVN,2008,0,2026-07-30T11:28:45+00:00
SVN,2009,0,2026-07-30T11:28:45+00:00
SVN,2010,0,2026-07-30T11:28:45+00:00
SVN,2011,0,2026-07-30T11:28:45+00:00
SVN,2012,262,2026-07-30T11:28:45+00:00
SVN,2013,0,2026-07-30T11:28:45+00:00
SVN,2014,0,2026-07-30T11:28:45+00:00
SVN,2015,0,2026-07-30T11:28:45+00:00
SVN,2016,321,2026-07-30T11:28:45+00:00
SVN,2017,188,2026-07-30T11:28:45+00:00
SVN,2018,0,2026-07-30T11:28:45+00:00
SVN,2019,80,2026-07-30T11:28:45+00:00
SVN,2020,168,2026-07-30T11:28:45+00:00
SVN,2021,76,2026-07-30T11:28:45+00:00
SVN,2022,4388,2026-07-30T11:28:45+00:00
SVN,2023,112,2026-07-30T11:28:45+00:00
SVN,2024,76,2026-07-30T11:28:45+00:00
SVN,2025,143,2026-07-30T11:28:45+00:00
SVN,2026,354,2026-07-30T11:28:45+00:00
SWE,2006,0,2026-07-30T11:28:45+00:00
SWE,2007,0,2026-07-30T11:28:45+00:00
SWE,2008,1668,2026-07-30T11:28:45+00:00
SWE,2009,716,2026-07-30T11:28:45+00:00
SWE,2010,0,2026-07-30T11:28:45+00:00
SWE,2011,143,2026-07-30T11:28:45+00:00
SWE,2012,0,2026-07-30T11:28:45+00:00
SWE,2013,50,2026-07-30T11:28:45+00:00
SWE,2014,13633,2026-07-30T11:28:45+00:00
SWE,2015,147,2026-07-30T11:28:45+00:00
SWE,2016,99,2026-07-30T11:28:45+00:00
SWE,2017,732,2026-07-30T11:28:45+00:00
SWE,2018,21320,2026-07-30T11:28:45+00:00
SWE,2019,485,2026-07-30T11:28:45+00:00
SWE,2020,769,2026-07-30T11:28:45+00:00
SWE,2021,946,2026-07-30T11:28:45+00:00
SWE,2022,266,2026-07-30T11:28:45+00:00
SWE,2023,188,2026-07-30T11:28:45+00:00
SWE,2024,288,2026-07-30T11:28:45+00:00
SWE,2025,1079,2026-07-30T11:28:45+00:00
SWE,2026,185,2026-07-30T11:28:45+00:00
TUR,2006,8475,2026-07-30T11:28:45+00:00
TUR,2007,6861,2026-07-30T11:28:45+00:00
TUR,2008,27848,2026-07-30T11:28:45+00:00
TUR,2009,5798,2026-07-30T11:28:45+00:00
TUR,2010,1258,2026-07-30T11:28:45+00:00
TUR,2011,8985,2026-07-30T11:28:45+00:00
TUR,2012,10050,2026-07-30T11:28:45+00:00
TUR,2013,19973,2026-07-30T11:28:45+00:00
TUR,2014,7172,2026-07-30T11:28:45+00:00
TUR,2015,55070,2026-07-30T11:28:45+00:00
TUR,2016,124684,2026-07-30T11:28:45+00:00
TUR,2017,47738,2026-07-30T11:28:45+00:00
TUR,2018,40039,2026-07-30T11:28:45+00:00
TUR,2019,81246,2026-07-30T11:28:45+00:00
TUR,2020,99857,2026-07-30T11:28:45+00:00
TUR,2021,202130,2026-07-30T11:28:45+00:00
TUR,2022,15685,2026-07-30T11:28:45+00:00
TUR,2023,32599,2026-07-30T11:28:45+00:00
TUR,2024,120809,2026-07-30T11:28:45+00:00
TUR,2025,154053,2026-07-30T11:28:45+00:00
TUR,2026,11782,2026-07-30T11:28:45+00:00
UKR,2006,0,2026-07-30T11:28:45+00:00
UKR,2007,0,2026-07-30T11:28:45+00:00
UKR,2008,0,2026-07-30T11:28:45+00:00
UKR,2009,0,2026-07-30T11:28:45+00:00
UKR,2010,0,2026-07-30T11:28:45+00:00
UKR,2011,0,2026-07-30T11:28:45+00:00
UKR,2012,0,2026-07-30T11:28:45+00:00
UKR,2013,0,2026-07-30T11:28:45+00:00
UKR,2014,0,2026-07-30T11:28:45+00:00
UKR,2015,0,2026-07-30T11:28:45+00:00
UKR,2016,0,2026-07-30T11:28:45+00:00
UKR,2017,0,2026-07-30T11:28:45+00:00
UKR,2018,0,2026-07-30T11:28:45+00:00
UKR,2019,0,2026-07-30T11:28:45+00:00
UKR,2020,255408,2026-07-30T11:28:45+00:00
UKR,2021,27385,2026-07-30T11:28:45+00:00
UKR,2022,260588,2026-07-30T11:28:45+00:00
UKR,2023,213921,2026-07-30T11:28:45+00:00
UKR,2024,917848,2026-07-30T11:28:45+00:00
UKR,2025,600759,2026-07-30T11:28:45+00:00
UKR,2026,273314,2026-07-30T11:28:45+00:00
